"","V1","V2","V3"
"1","RBL438","chr1","0.6"
"2","rs14080307","chr1","1.4"
"3","rs13824562","chr1","3.1"
"4","rs13621730","chr1","6.8"
"5","rs14795085","chr1","14.1"
"6","rs14792587","chr1","16.2"
"7","RBL1258","chr1","17.5"
"8","rs13837741","chr1","24.9"
"9","rs13842499","chr1","29.3"
"10","MCW0254","chr1","31.6"
"11","rs13847756","chr1","35.1"
"12","rs13851434","chr1","38.2"
"13","rs14816632","chr1","45.3"
"14","rs14818658","chr1","47.9"
"15","rs13865452","chr1","52.7"
"16","LEI0146","chr1","55.1"
"17","rs15276085","chr1","57.7"
"18","rs14828994","chr1","58.4"
"19","rs14832321","chr1","61.7"
"20","MCW0018","chr1","65.6"
"21","rs13880460","chr1","68.4"
"22","rs13883708","chr1","71.3"
"23","rs13819552","chr1","74.2"
"24","rs13819560","chr1","74.2"
"25","RBL2228","chr1","74.4"
"26","RBL4547","chr1","74.5"
"27","rs13834451","chr1","10.2"
"28","rs13997062","chr1","75.2"
"29","MCW0058","chr1","80.3"
"30","LEI0071","chr1","80.8"
"31","rs13887893","chr1","82.2"
"32","rs14693408","chr1","82.7"
"33","rs15318252","chr1","83.6"
"34","rs13583965","chr1","87.8"
"35","rs13646704","chr1","89.5"
"36","ADL0367","chr1","93.6"
"37","rs15340573","chr1","94.1"
"38","LEI0108","chr1","99.1"
"39","rs15353627","chr1","101.6"
"40","rs14864919","chr1","106.2"
"41","rs13914871","chr1","109.8"
"42","rs13918284","chr1","112.5"
"43","MCW0200","chr1","113.3"
"44","rs13921245","chr1","115.4"
"45","rs14876047","chr1","118.9"
"46","rs15402046","chr1","124.6"
"47","ADL0353","chr1","126.2"
"48","rs14884222","chr1","130.6"
"49","RBL3441","chr1","131"
"50","MCW0036","chr1","131.2"
"51","RBL1448","chr1","132.7"
"52","rs14887388","chr1","136.3"
"53","rs13625427","chr1","140"
"54","LEI0107","chr1","145.9"
"55","rs13951254","chr1","150"
"56","rs13954000","chr1","152.3"
"57","rs13958072","chr1","159.1"
"58","rs14905876","chr1","159.3"
"59","LEI0079","chr1","160.6"
"60","LEI0162","chr1","171.1"
"61","ADL0245","chr1","173.8"
"62","rs13552040","chr1","174"
"63","rs15502284","chr1","177.3"
"64","rs14920831","chr1","179.8"
"65","rs15516954","chr1","183.2"
"66","rs13982336","chr1","184.8"
"67","rs14931269","chr1","191.4"
"68","LEI0134","chr1","193.9"
"69","rs14935422","chr1","195.5"
"70","RBL2401","chr1","195.8"
"71","rs15054320","chr2","2.1"
"72","rs13534858","chr2","4.5"
"73","rs14134143","chr2","7.1"
"74","rs15884716","chr2","8.9"
"75","rs14139143","chr2","11.7"
"76","ADL0190","chr2","15.4"
"77","rs14143285","chr2","15.8"
"78","MCW0247","chr2","19.5"
"79","rs15910200","chr2","19.5"
"80","rs15075023","chr2","24"
"81","rs15077078","chr2","26.8"
"82","rs15081191","chr2","32.3"
"83","rs15083693","chr2","34.5"
"84","MCW0063","chr2","37.3"
"85","rs13670674","chr2","40.6"
"86","rs13671945","chr2","42.8"
"87","rs14178920","chr2","47.3"
"88","rs15099222","chr2","49.8"
"89","MCW0062","chr2","56"
"90","rs15105085","chr2","60.4"
"91","rs15107772","chr2","63.3"
"92","rs14196021","chr2","65.4"
"93","rs14200463","chr2","68.8"
"94","LEI0096","chr2","70.9"
"95","rs16039935","chr2","77.5"
"96","ADL0157","chr2","80.7"
"97","MCW0179","chr2","86.6"
"98","MCW0087","chr2","87.2"
"99","rs15126683","chr2","91.2"
"100","rs14219471","chr2","93.7"
"101","UMA02","chr2","96.1"
"102","RBL4114","chr2","100.1"
"103","LEI0147","chr2","101.9"
"104","RBL3577","chr2","102.5"
"105","RBL3422","chr2","102.5"
"106","rs14225365","chr2","103.6"
"107","rs16092012","chr2","108.3"
"108","RBL8","chr2","111.4"
"109","rs14232457","chr2","112.4"
"110","RBL2593","chr2","113.1"
"111","rs13796585","chr2","115"
"112","MCW0234","chr2","115.2"
"113","rs16107541","chr2","117.7"
"114","rs16108913","chr2","119.3"
"115","rs14240558","chr2","122.5"
"116","rs14242430","chr2","125.1"
"117","rs13731505","chr2","129.6"
"118","MCW0245","chr2","132.7"
"119","rs16136501","chr2","136"
"120","LEI0070","chr2","140"
"121","rs13762257","chr2","144.2"
"122","MCW0320","chr2","146.2"
"123","rs14308203","chr3","2.4"
"124","rs14310908","chr3","4.7"
"125","MCW0169","chr3","7.3"
"126","rs16222521","chr3","10.2"
"127","rs14084016","chr3","15.8"
"128","rs13717180","chr3","19.6"
"129","rs14326182","chr3","24.8"
"130","MCW0222","chr3","25"
"131","rs14330022","chr3","28.6"
"132","rs14336675","chr3","34.5"
"133","rs15321683","chr3","36.3"
"134","ADL0155","chr3","38.4"
"135","rs14341292","chr3","38.6"
"136","rs13675715","chr3","43.2"
"137","ADL0371","chr3","46"
"138","MCW0004","chr3","52.4"
"139","rs16281414","chr3","57.7"
"140","RBL2668","chr3","60.8"
"141","MCW0224","chr3","80.4"
"142","ADL0024","chr3","84"
"143","rs13696669","chr3","88.5"
"144","rs14391415","chr3","90.9"
"145","MCW0207","chr3","93.3"
"146","rs14397663","chr3","97.2"
"147","rs14400934","chr3","100.4"
"148","LEI0065","chr3","104.1"
"149","rs13702405","chr3","104.2"
"150","rs14408135","chr3","107.7"
"151","rs15471980","chr4","1"
"152","ADL0143","chr4","1.4"
"153","ADL0317","chr4","3.5"
"154","rs14421644","chr4","4.1"
"155","rs15484517","chr4","6.8"
"156","rs13643096","chr4","9.4"
"157","rs14428592","chr4","11.4"
"158","rs15500313","chr4","13.5"
"159","rs14435605","chr4","17.7"
"160","ADL0145","chr4","17.9"
"161","MCW0251","chr4","18.8"
"162","rs14438666","chr4","25.1"
"163","rs15522441","chr4","30"
"164","rs14446940","chr4","33.7"
"165","rs15542429","chr4","37.5"
"166","rs15544037","chr4","38.6"
"167","MCW0091","chr4","40.2"
"168","rs15549573","chr4","41.4"
"169","rs15554707","chr4","44.6"
"170","LEI0125","chr4","45.3"
"171","rs14462677","chr4","48.4"
"172","rs15581865","chr4","55.4"
"173","LEI0076","chr4","62.5"
"174","rs14479812","chr4","63.6"
"175","rs15607084","chr4","68.3"
"176","RBL1352","chr4","72"
"177","rs14488074","chr4","72"
"178","rs14491521","chr4","79.9"
"179","rs13664708","chr4","81.5"
"180","MCW0098","chr4","81.9"
"181","rs13666021","chr4","85"
"182","rs16444662","chr4","86"
"183","LEI0085","chr4","86.4"
"184","LEI0073","chr4","88.9"
"185","rs13757471","chr5","15.2"
"186","MCW0193","chr5","16.7"
"187","RBL1369","chr5","18.2"
"188","RBL2307","chr5","18.6"
"189","rs15674552","chr5","19.4"
"190","rs14693539","chr5","20.5"
"191","MCW0038","chr5","22.5"
"192","rs15679760","chr5","25.3"
"193","rs13584119","chr5","30.7"
"194","MCW0078","chr5","32.8"
"195","rs13585490","chr5","37.2"
"196","rs13586869","chr5","41.9"
"197","MCW0029","chr5","45.1"
"198","rs16498806","chr5","45.6"
"199","LEI0149","chr5","47.4"
"200","MCW0081","chr5","51.7"
"201","rs16514663","chr5","56.4"
"202","rs15743161","chr5","59.4"
"203","LEI0192","chr6","5.2"
"204","MCW0118","chr6","5.2"
"205","rs15758001","chr6","6.2"
"206","rs16537104","chr6","9.7"
"207","rs15778112","chr6","13"
"208","rs15780532","chr6","14.2"
"209","MCW0250","chr6","17.9"
"210","rs15800133","chr6","26.8"
"211","rs14588347","chr6","30"
"212","ADL0377","chr6","31.1"
"213","rs14591306","chr6","32.7"
"214","LEI0196","chr6","32.7"
"215","rs14593897","chr6","35"
"216","rs14598438","chr7","1.6"
"217","rs13739720","chr7","3.7"
"218","rs13740451","chr7","5.5"
"219","rs15837786","chr7","9.5"
"220","rs13783972","chr7","11.8"
"221","MCW0120","chr7","12.4"
"222","rs14608276","chr7","13.6"
"223","rs15852323","chr7","17.7"
"224","rs15856536","chr7","21.1"
"225","rs14616506","chr7","25.1"
"226","ADL0279","chr7","25.8"
"227","rs15870814","chr7","28.5"
"228","MCW0236","chr7","30.2"
"229","rs16604163","chr7","30.3"
"230","rs15882678","chr7","33.8"
"231","rs16612776","chr7","36.3"
"232","MCW0305","chr8","7.4"
"233","rs14642627","chr8","16.1"
"234","rs14650356","chr8","23.8"
"235","rs14652607","chr8","25.7"
"236","rs16644389","chr8","27.3"
"237","rs14655901","chr8","28.8"
"238","rs16650965","chr9","2.4"
"239","MCW0024","chr9","5.6"
"240","rs14669284","chr9","6.1"
"241","rs15957507","chr9","9"
"242","rs14662996","chr9","11.3"
"243","MCW0135","chr9","14.4"
"244","rs14674285","chr9","15.8"
"245","rs14676340","chr9","17.6"
"246","rs14678700","chr9","21.3"
"247","ADL0219","chr9","23.3"
"248","MCW0228","chr10","1.7"
"249","rs13999825","chr10","2.6"
"250","ADL0209","chr10","5.1"
"251","MCW0194","chr10","7.7"
"252","rs14003423","chr10","8.4"
"253","rs13799452","chr10","10.6"
"254","MCW0067","chr10","10.6"
"255","rs14006050","chr10","13.5"
"256","ADL0272","chr10","13.6"
"257","rs14009067","chr10","16.1"
"258","ADL0106","chr10","17.4"
"259","rs15589031","chr10","19.8"
"260","ADL0158","chr10","20.3"
"261","rs14957451","chr11","0.9"
"262","rs14958678","chr11","1.9"
"263","rs14019836","chr11","5.7"
"264","ADL0123","chr11","6.2"
"265","rs14963832","chr11","11.4"
"266","rs14025658","chr11","14.3"
"267","RBL3085","chr11","17.4"
"268","ADL0308","chr11","17.9"
"269","rs14966910","chr11","19.3"
"270","rs14030286","chr12","1.1"
"271","rs14039242","chr12","9.6"
"272","ADL0044","chr12","12.7"
"273","LEI0099","chr12","12.8"
"274","rs15662367","chr12","15.1"
"275","rs14046447","chr12","17.7"
"276","rs14048107","chr12","19.1"
"277","rs15675703","chr13","1.9"
"278","rs14990028","chr13","6.6"
"279","rs14051703","chr13","8.3"
"280","ADL0147","chr13","9.5"
"281","rs14994099","chr13","9.7"
"282","RBL3916","chr13","10.3"
"283","ROS00325","chr13","10.8"
"284","MCW0213","chr13","11.8"
"285","MCW0315","chr13","15.8"
"286","rs14998975","chr13","16.3"
"287","rs14064615","chr13","18.2"
"288","ADL0225","chr13","18.4"
"289","ADL0118","chr14","0.5"
"290","rs13530010","chr14","0.7"
"291","MCW0296","chr14","1.9"
"292","rs13531951","chr14","5.5"
"293","rs15008964","chr14","7.2"
"294","rs15010436","chr14","9.3"
"295","LEI0066","chr14","15"
"296","rs15763765","chr15","2.2"
"297","LEI0083","chr15","3.1"
"298","rs15019494","chr15","4.3"
"299","ADL0039","chr15","6"
"300","rs15021350","chr15","6.7"
"301","rs14092594","chr15","8.5"
"302","rs15024160","chr15","10"
"303","MCW0211","chr15","11.1"
"304","rs15026117","chr15","12.2"
"305","rs15788101","chr16","2.6"
"306","rs15026773","chr16","2.6"
"307","rs15026791","chr16","2.6"
"308","ADL0199","chr17","1.1"
"309","rs14104304","chr17","2.1"
"310","rs13734134","chr17","3.9"
"311","ADL0149","chr17","6"
"312","rs15031008","chr17","6.2"
"313","rs15029104","chr17","8.4"
"314","rs15027463","chr17","9.9"
"315","rs15027195","chr17","10.4"
"316","ADL0184","chr18","5"
"317","rs14113801","chr18","7.7"
"318","rs15833225","chr18","8.7"
"319","rs14115711","chr19","1.1"
"320","rs14116385","chr19","1.7"
"321","rs14118674","chr19","3.4"
"322","rs15047231","chr19","4.4"
"323","rs15048343","chr19","5.7"
"324","rs15848432","chr19","6.2"
"325","rs14122543","chr19","7.3"
"326","rs14124079","chr19","9.7"
"327","MCW0119","chr20","0.4"
"328","rs15169246","chr20","0.9"
"329","ADL0125","chr20","2.7"
"330","rs15171181","chr20","3"
"331","rs14272231","chr20","4.4"
"332","rs15173767","chr20","5.9"
"333","rs14274909","chr20","6.8"
"334","rs14276041","chr20","7.8"
"335","rs14278769","chr20","10.5"
"336","rs13635174","chr20","11.6"
"337","MC3R-NA-1035","chr20","11.7"
"338","MC3R_PYRO","chr20","11.7"
"339","rs13795178","chr20","13.6"
"340","rs13602346","chr21","0.4"
"341","rs14282175","chr21","1.5"
"342","rs14283139","chr21","2.6"
"343","rs15182893","chr21","3.4"
"344","rs16181928","chr21","5.2"
"345","rs15191004","chr22","3.9"
"346","rs13820393","chr22","4.5"
"347","rs14287506","chr23","0.3"
"348","rs15194003","chr23","1.1"
"349","rs14289029","chr23","1.9"
"350","rs15205573","chr23","5.2"
"351","rs15207546","chr23","5.8"
"352","rs13603923","chr24","0.5"
"353","rs16194400","chr24","1.8"
"354","RBL1526","chr24","2.3"
"355","rs14294624","chr24","2.9"
"356","LEI0069","chr24","5.1"
"357","rs14297486","chr24","6.1"
"358","RBL3432","chr25","3.2"
"359","RBL2937","chr25","0.4"
"360","rs14416247","chr26","0.4"
"361","rs16200368","chr26","1.5"
"362","MCW0286","chr26","2"
"363","MCW0209","chr26","2.2"
"364","MCW0069","chr26","2.5"
"365","rs16202845","chr26","3.4"
"366","LEI0074","chr26","4.8"
"367","RBL280","chr27","2.6"
"368","rs15241802","chr27","3.6"
"369","rs14301476","chr27","3.9"
"370","rs13620274","chr27","4.5"
"371","rs14303776","chr27","6"
"372","ADL0376","chr27","6.5"
"373","rs15245588","chr28","0.8"
"374","rs14306112","chr28","2.3"
"375","rs16211629","chr28","2.6"
"376","MCW0227","chr28","2.7"
"377","rs16212707","chr28","4.4"
